{
    "Logistic_Regression": 0.37094155844155846,
    "Random_Forest": 0.7077922077922078,
    "XGBoost": 0.8153409090909091
}